start	end	text
400	4820	Picture the most advanced computer on Earth right now.
4980	7420	You're probably imagining like a sterile clean room.
7500	8260	Oh yeah, definitely.
8440	10100	Yeah, like dust-free environments,
10720	13780	perfectly etched silicon wafers,
14420	18020	absolute, you know, zero-in-one binary precision.
18240	19920	Totally isolated from the real world.
20100	22460	Exactly. It's dry, it's quiet,
23240	26740	and it is completely fundamentally separated
26740	30220	from the messy reality of the physical world
30220	31840	it's supposedly trying to control.
33180	35780	Well, now I want you to throw all of that out
35780	40140	because today we are unpacking a machine
40140	44300	that doesn't just process wet, rotting ocean sludge.
44460	46820	It actually uses the physical properties
46820	48580	of the sludge itself to think.
48880	51320	Which is, I mean, it's just a total paradigm shift.
51780	53740	It really changes how we define a machine entirely.
54380	54620	Right.
54620	57340	Yeah, because the historical trajectory of engineering has,
57740	59220	well, it's always been about
59220	60860	abstracting the brain away from the box.
60880	63540	Right, putting the microprocessor in a safe little box.
63580	65740	Exactly, a pristine, delicate box.
66000	69780	And then we program it to send electronic signals
69780	71820	to these sort of dumb mechanical limbs
71820	73000	out in the elements.
73100	73280	Yeah.
73500	76660	But the document we are exploring today,
77240	79100	it flips that entirely.
79480	81060	The physical process,
81060	84160	the brutal grinding and boiling
84160	88340	of the raw material that is the computer.
88480	89060	It's wild.
89180	90760	So welcome to today's Deep Dive.
91000	92720	Whether you're listening to this while,
92940	96120	you know, prepping for a major tech strategy meeting
96120	99060	or trying to keep up with the bleeding edge
99060	100300	of mechanical engineering,
100300	102140	or you're just insanely curious
102140	104420	about the weird future of energy,
105160	107000	you are in the right place.
107120	107700	You really are.
107700	110280	Our foundational document today is,
110500	112840	well, it's an independent, groundbreaking,
113240	115780	and frankly, incredibly dense research paper.
115980	119580	And it was published literally today, May 5th, 2026.
119800	120520	Hot off the presses.
120800	121560	Yeah, exactly.
121900	123440	It's by a researcher named Flyxion,
123700	125560	and it's titled The Caldera Reactor,
126060	127340	Thermopneumatic Compression,
127860	128980	Fluidic Computation,
129200	131320	and Adaptive Biomass Processing.
131340	132040	And I have to say,
132240	134160	it is just a staggering piece of work.
134160	136820	I mean, it completely redefines the boundaries
136820	138740	between mechanical engineering,
138960	140760	fluid dynamics, theoretical physics,
141320	143320	and even industrial biology.
143480	144000	It really does.
144340	147240	So our mission today is to unpack this caldera reactor.
147940	150220	This is a system designed to take wet,
150460	154000	sludgy, totally uncooperative biomass.
154560	157800	So we're talking freshly harvested ocean kelp,
158400	162540	dense peat bogs, thick marine sediment.
162540	163420	The nasty stuff.
163700	164620	The really nasty stuff.
164680	166300	And it turns it into high-value,
166520	168400	biocrude, and biochemicals.
168420	168640	Right.
168920	171940	But the absolute kicker is that it achieves this
171940	175160	without a centralized computer chip running the show.
175280	176220	That's the crazy part.
176340	178200	It forces water pressure
178200	180780	and the physical geometry of its own pipes
180780	183960	to basically calculate their own behavior in real time.
184100	186560	Which just sounds like magic until you read the math.
186600	186900	Yeah.
187220	188640	Okay, so let's unpack this.
188640	192620	Before we get into the whole mind-bending fluid computation thing,
192740	194200	we have to start with the dirt.
194420	195600	Yeah, we have to start with the sludge.
195680	195920	Right.
196120	198700	Like, why is processing wet sludge
198700	201640	such a massive engineering nightmare in the first place?
202020	204380	Well, to really appreciate the sheer genius
204380	206520	of what Flyxion has designed here,
206680	210520	you have to understand just how stubborn wet biomass is.
210760	211020	Okay.
211020	213420	When industrial engineers look at, like,
213680	215640	a massive harvest of kelp
215640	219000	or a barge full of dredged marine sediment,
219320	220720	they do not see easy energy.
220800	220940	No.
221120	221360	No.
221660	224860	They see a material that is fundamentally hostile
224860	226000	to traditional processing.
226080	226220	Yeah.
226720	229600	I mean, first off, it is wildly heterogeneous.
229880	230900	Meaning what, exactly?
231140	234320	Meaning one scoop of this sludge
234320	237600	has a completely different chemical and physical makeup
237600	239520	than the scoop right next to it.
239620	240440	Oh, I see.
240440	242860	You can't just set a dial to medium and hope for the best.
243080	244440	You know, it's constantly changing.
244640	247460	And then, obviously, the elephant in the room is the water.
247680	248020	Yes.
248660	251760	The water is absolutely the primary antagonist here.
252380	254620	Because, well, water does not burn.
254760	255060	Right.
255240	255860	Not easily.
256100	256360	Anyway.
256560	256960	Exactly.
257140	257340	Yeah.
257440	260000	So if you want to turn organic sludge
260000	263220	into a usable, biocrude,
263840	266160	or extract valuable chemicals,
266720	269080	conventional wisdom says you have to dry it out first.
269200	270340	You've got to get the water out of the way.
270440	270700	Right.
270960	274480	But water has this notoriously high heat capacity.
274680	276660	It holds on to temperature so tenaciously.
276860	277140	Okay.
277460	279500	And it's latent heat of vaporization,
279820	280660	which is, you know,
280680	282080	the amount of raw energy required
282080	284820	to force it from a liquid state into steam.
285280	286040	It's massive.
286040	288440	So if you're using traditional methods,
288440	290380	you're essentially forced into a corner
290380	292700	where you have to build this giant oven
292700	293880	just to bake the mud
293880	296280	before you can even start extracting value.
296280	298840	Which creates a completely energy negative loop.
299020	301200	You end up burning an enormous amount of fuel
301200	303220	simply to boil off the water.
303660	303680	Right.
303820	304020	Right.
304020	306300	By the time you've dried the biomass enough
306300	307300	to process it,
307980	310040	you have spent more energy
310040	311720	than you could ever hope to get back
311720	313320	from the resulting biofuel.
313680	316280	It's a financially and thermodynamically
316280	318340	doomed enterprise from the start.
318600	318920	Exactly.
319080	320900	It's kind of like trying to start a campfire
320900	322080	with soaking wet logs,
322320	324020	but the only way to do it
324020	325540	is by burning a massive pile
325540	326800	of perfectly dry,
326940	328500	really expensive firewood
328500	331720	just to dry the wet logs out first.
331720	333180	That is a perfect analogy.
333400	335220	You are basically losing the game
335220	337060	before the first spark even catches.
337520	337980	Right.
338100	339660	And that is the persistent,
339880	341480	constrained engineers have been,
341600	342240	you know,
342420	344760	slamming their heads against for decades.
345000	345200	Yeah.
345460	347260	How do you process something
347260	349800	that is 80 or 90% water
349800	352540	without going bankrupt on the energy bill?
352800	354440	And this is where the Caldera reactor
354440	356080	completely changes the board.
356440	357160	It really does.
357600	359160	Because instead of fighting the water,
359540	360920	the reactor recruits it.
360920	362080	It recruits it.
362160	362960	I love that.
363040	363180	Yeah.
363260	365100	It combines thermodynamic cycling,
365600	366960	immense mechanical compression,
367280	368600	and adaptive control
368600	371920	into a single closed loop environment.
372180	372680	Okay, wait.
372780	374940	So it doesn't dry the biomass out
374940	376740	in a separate wasteful step?
376840	377760	No, not at all.
377960	380160	It violently crushes the water out of it
380160	384700	and then it uses that exact same pressurized water
384700	386740	to drive chemical reactions
386740	389080	and calculate its next physical move.
389080	390640	Okay, so if you're listening to this
390640	392960	and trying to picture the sheer scale of this thing,
393040	394420	you need to banish the image
394420	396300	of like a laboratory beaker
396300	398400	or a neat little stainless steel vat.
398440	399040	Oh, absolutely.
399580	401480	We are talking about a device
401480	403600	the size of a six-story building,
403780	406220	a machine that essentially breathes.
406220	406560	Yes.
406740	409640	Because to understand how this machine thinks,
409820	412180	we first have to understand how it moves.
412260	413940	And it moves with a very specific,
414520	415500	very heavy rhythm.
415500	415980	Right.
416200	419300	The paper details this massive physical architecture,
419920	422720	which operates in a continuous four-phase cycle.
423260	426800	Lift, clamp and draw, press, and recovery.
426960	428740	It's a brutal mechanical cycle.
429020	430340	Let's start from a dead stop
430340	432740	and go right into phase one, the lift.
433640	435400	What is actually happening here?
435820	438420	Well, the lift phase is where the raw power
438420	440480	of the system is first unleashed.
440480	444340	The core moving part of the reactor
444340	447280	is an absolute massive compression plate.
447860	449040	How massive are we talking?
449220	451480	We are talking about thousands of tons
451480	453760	of vertically actuated steel.
454040	454480	Wow.
454780	455720	And to move this,
456240	458800	the system injects superheated steam
458800	461680	directly into the subchamber beneath the plate.
461820	462020	Right.
462180	463780	And Flyxion actually includes
463780	465280	the mathematical modeling
465280	467220	for this upward force in the paper.
467440	467720	Yes.
467720	469740	And what's fascinating is that it's not
469740	472560	just a simple calculation of steam pushing up.
472640	473980	It's more complicated than that.
474080	474720	Much more.
475380	477420	The raw pushing power is dictated
477420	480100	by the surface area of that giant plate, right?
480540	482180	Multiplied by the pressure differential.
482420	482720	Okay.
483140	484620	So you have the superheated steam
484620	485980	roaring up from below,
486460	487520	fighting against the pressure
487520	488700	sitting on top of the plate.
488860	490600	And that includes the immense weight
490600	492480	of the fresh, wet sludge
492480	494700	that's just been loaded into the main chamber, right?
494700	495540	Exactly.
496260	497860	And that upward push
497860	499340	is constantly fighting
499340	500940	against a massive collection
500940	502420	of resistive forces, too.
502620	503280	Like friction.
503700	503920	Yeah.
504240	505800	Moving a plate of this magnitude
505800	507340	through a viscous environment
507340	509680	involves severe friction
509680	511800	against the heavy chamber walls.
512160	512920	Plus, you know,
513000	514880	the raw inertia of the plate itself.
514920	516500	Just getting it to move at all.
516660	516940	Right.
517200	519760	And then you have complex hydrostatic loads.
520020	522060	What does that mean in this context?
522060	524340	Basically, the sheer fluid dynamics
524340	525620	of all that wet material
525620	527600	sloshing around and resisting movement.
527720	527820	Right.
527900	528860	Because the steam pressure
528860	530540	isn't just a static number, either.
530920	532520	As the steam pumps in,
532680	534600	the chamber is physically expanding
534600	535920	because the plate is rising.
536000	536360	Yes.
536500	537620	So the pressure evolution
537620	540020	is this beautifully controlled dance.
540120	541640	Between the mass of the steam
541640	542380	being injected
542380	544440	and the thermodynamic expansion
544440	545280	of the space.
545420	546020	Exactly.
546260	547300	You are steadily,
548000	549560	powerfully building up
549560	550840	an immense reservoir
550840	552620	of potential energy,
553140	554560	basically pushing thousands
554560	555900	of tons of wet earth
555900	557080	high into the air.
557180	557420	Okay.
557600	558640	So, which brings us
558640	559500	to the precipice.
559840	561540	You have this towering mass
561540	563280	of steel and wet biomass
563280	565140	suspended on a cushion
565140	566580	of superheated steam.
566860	568260	So we've lifted thousands
568260	569060	of tons
569060	570800	using sheer steam pressure.
571100	572020	But obviously,
572520	573180	what goes up
573180	574040	has to come down.
574280	575180	It definitely does.
575540	576960	Flyxion doesn't just let it
576960	578320	like drift down gently.
578780	580120	This transitions us
580120	581080	into phase two,
581500	582120	clamp and draw.
582400	583360	The physical violence
583360	584080	of this phase
584080	585780	is almost hard to overstate.
586480	587420	The lift peaks,
587920	589580	the steam injection stops,
590240	591660	and the system initiates
591660	593200	a rapid cooling process.
593420	593580	Yeah.
593660	594960	And it relies on the physics
594960	596340	of sudden condensation.
596600	596920	Okay.
597060	597620	Explain that.
597620	599400	So the superheated steam
599400	601540	holding that massive plate up
601540	603400	is abruptly subjected
603400	604440	to cooling channels.
604600	604900	Okay.
605180	606740	When steam condenses
606740	608000	back into liquid water,
608440	609600	its volume collapses
609600	610880	instantaneously.
611180	612220	It shrinks down
612220	613340	to a tiny fraction
613340	614440	of its gaseous state.
614600	615300	So it creates
615300	616600	a catastrophic drop
616600	617180	in pressure
617180	618580	within that subchamber?
618760	619040	Yes.
619640	620620	It creates a massive
620620	622080	instantaneous vacuum.
622180	623620	Vacuum of immense power.
623820	624280	Exactly.
624600	625440	And that vacuum
625440	627140	performs two critical functions
627140	627820	simultaneously.
628280	628600	First,
628820	629900	it completely eliminates
629900	630400	the cushion
630400	631300	holding the plate up.
631400	632060	Oh, right.
632100	633160	And then the negative pressure
633160	634160	violently yanks
634160	635220	the thousands of tons
635220	636160	of steel downward.
636580	637920	It literally sucks
637920	639140	the plate down
639140	640160	onto the biomass
640160	642480	with incredible ferocity.
642480	642920	Yes.
643200	644380	It's not just falling
644380	645060	under gravity,
645220	646360	it's being pulled down
646360	647680	by the void underneath it.
647840	649040	That is terrifying
649040	649740	and amazing.
649940	650860	And the second function
650860	652020	is equally crucial.
652420	654060	That same vacuum pressure
654060	655580	is routed to suck in
655580	657880	a massive fresh influx
657880	658580	of seawater
658580	660200	through the lower inlet channels.
660360	661000	Wait, really?
661000	662100	Why seawater?
662640	663960	This surging seawater
663960	665880	simultaneously seals
665880	667040	the compression chamber
667040	668220	against outside air
668220	669680	and redistributes
669680	671000	the internal fluid mass.
671120	672260	So it's priming
672260	673540	the internal environment
673540	674980	for the main event.
675100	675480	Exactly.
675820	676740	Perfectly priming it.
676740	677940	Which is phase three,
678340	678860	the press.
679280	680340	The actual compression.
680760	681220	The crush.
681500	681720	Right.
682260	683320	The plate slams
683320	684320	into the wet kelp
684320	684920	and sediment.
685580	686100	Now,
686240	687300	the paper doesn't just
687300	688140	call this crushing,
688460	688680	right?
688680	690520	It describes the sludge
690520	691360	being subjected
691360	693440	to viscoelastic deformation.
694160	694240	Yes.
694600	695760	And I want to break this down
695760	696580	because it's so much
696580	697580	more complex than,
697700	698020	like,
698200	699240	a hydraulic press
699240	700140	flattening a car.
700400	702080	We are dealing with
702080	702580	living,
702760	703960	or formerly living,
704320	705300	cellular structures.
705460	705800	Right.
705920	707220	The term viscoelastic
707220	708420	perfectly captures
708420	709160	the dual,
709640	710520	highly frustrating
710520	711740	nature of this sludge.
712120	712420	Okay.
712660	713380	Walk us through
713380	714180	the two halves
714180	714800	of that word.
715060	715800	Think about it.
715800	717040	visco,
717360	718200	as in a thick,
718340	719200	resistant liquid
719200	720600	like honey or tar.
721160	721540	Okay.
721760	722400	And elastic,
722840	723680	like a rubber band
723680	724820	or a dense sponge.
725040	725620	So when that
725620	726900	multi-ton plate
726900	728580	driven by gravity
728580	730000	and the massive vacuum
730000	731480	hits the biomass?
731980	732740	The material
732740	733800	doesn't just shatter.
733960	734760	It doesn't instantly
734760	735760	flatten like a bunch
735760	737240	of dry saltine crackers.
737480	738580	It fights back.
738780	739560	Ah, okay.
740120	741180	The paper models
741180	741900	this resistance
741900	742680	as a combination
742680	744400	of elastic springiness
744400	745840	and viscous drag.
746020	746340	Exactly.
746680	747400	The elastic part
747400	748700	is the physical structure
748700	749900	of the kelp itself,
750040	750240	right?
750340	750580	Like,
750740	751680	the fibrous material
751680	752880	wants to bounce back.
753060	753360	Right.
753740	755160	But as the sheer force
755160	756680	overcomes that springiness,
757240	758280	the viscous reality
758280	758780	kicks in.
758860	759460	You are forcibly
759460	760320	squeezing water
760320	761580	out of a microscopic
761580	763380	porous labyrinth.
763380	764500	So you are dealing
764500	765240	with a material
765240	766220	that is continuously
766220	767800	changing its fundamental
767800	768920	physical properties
768920	770180	the harder you crush it.
770380	770600	Yes.
770960	772840	It begins as a highly hydrated,
773120	774540	wet, springy sponge.
774660	775920	But as the plate descends,
776320	777660	forcing the trapped liquid
777660	778280	out through
778280	779560	the microscopic pores.
780060	781120	The sludge transitions.
781600	782760	It becomes denser,
783040	783700	tightly packed,
783880	785100	and its resistance
785100	785960	to the plate
785960	787440	actually increases
787440	788940	the further down it goes.
789120	790520	And what's being squeezed out
790520	791980	isn't just dirty ocean water,
791980	792320	right?
792540	793340	No, not at all.
794080	795760	The sheer mechanical pressure
795760	797440	and the massive heat
797440	798880	generated by this friction
798880	800340	are fundamentally
800340	801980	altering the material.
802380	803780	It's actually tearing open
803780	805040	the cellular structures
805040	805800	of the biomass.
806340	807200	And extracting
807200	808900	the dissolved biochemicals.
808980	809120	Right.
809460	810740	The biocrude fractions,
811180	812280	the valuable lipids
812280	812800	and sugars,
813040	814720	they are liberated
814720	815920	and carried away
815920	817460	by the fluid
817460	818300	being forced out
818300	819420	into the recovery channels.
819620	820740	That is so cool.
821020	821720	The water,
822120	823640	which was the primary enemy
823640	824760	in a traditional
824760	825560	drying furnace,
825560	827880	is now the transport mechanism
827880	829180	carrying the valuable
829180	830340	biological payload
830340	831640	out of the crushing zone.
831840	832500	It's completely
832500	833180	flipped the script.
833300	834180	Okay, so we've lifted,
834340	834880	we've clamped,
834920	835860	we've violently pressed.
836080	837060	That leads into
837060	838580	the final mechanical phase,
838800	839200	recovery.
839640	839920	Right.
840020	841500	The plate is incredibly heavy,
841660	842320	it is ascending
842320	843760	with massive force,
844280	845480	and Flyxion just refuses
845480	847120	to let that kinetic energy
847120	848420	bleed out into the ground
848420	849540	as wasted vibration.
849920	851520	Because efficiency requires
851520	853220	capturing every possible
853220	854220	joule of energy.
854220	855740	So what happens
855740	856680	to the fluid
856680	857760	being pushed out?
858140	859040	Well, as the plate
859040	859680	descends
859680	861500	and forces the fluid out,
861940	863460	that highly pressurized liquid
863460	864480	isn't just dumped
864480	865960	into a holding tank somewhere.
866120	866840	Where does it go?
866980	868360	It is routed directly
868360	870280	through heavy outflow channels
870280	872400	that are mechanically coupled
872400	874680	to energy recovery turbines.
875120	875400	Oh.
875780	876860	So the kinetic energy
876860	877840	of the descending plate
877840	879040	is transferred right
879040	879740	into the fluid,
880040	880940	which then spins
880940	881660	the turbines,
882100	882820	generating power.
882820	884400	And the paper models
884400	885900	this recovered energy, right?
886040	886680	By calculating
886680	887840	the continuous force
887840	889080	of the plate's descent,
889500	890740	factoring the density
890740	892000	of the pressurized fluid,
892480	893500	the pull of gravity.
893860	894260	And of course,
894340	895920	the inherent parasitic
895920	896840	friction losses
896840	898640	inside the turbine itself.
898760	899040	Right.
899120	901440	So you pay a heavy energy cost
901440	902380	to lift the plate
902380	903340	in phase one,
903480	904820	but you claw
904820	906420	a massive percentage
906420	907200	of that energy
907200	908480	back on the way down.
908600	909080	Exactly.
909280	910700	It dramatically lowers
910700	912500	the net thermodynamic cost
912500	914580	of the entire operational loop.
914860	915300	Okay, wait.
915380	916620	This is where I need to stop
916620	917540	and push back a little bit.
917560	918060	Okay, go ahead.
918440	919840	Because visualizing this,
920180	922000	we have superheated steam,
922600	924400	catastrophic vacuum collapses,
925200	926700	thousands of tons of steel,
926920	927800	violently crushing
927800	929240	viscoelastic sludge,
929720	931600	and highly pressurized
931600	933240	fluid spinning turbines.
933240	934420	A lot going on.
934740	935000	Yeah.
935260	936560	And if there is no
936560	938240	pristine control room,
938440	938640	right,
938760	940420	no digital microprocessor,
940660	941640	no silicon brain
941640	943040	executing a while loop
943040	944340	to open and close valves
944340	945620	with millisecond precision,
945840	946040	Right.
946460	947660	how does this entire
947660	948860	six-story building
948860	950740	not just rip itself apart?
950980	951240	Like,
951300	952700	who is telling the steam
952700	953340	to stop?
953700	954900	Who routes the fluid
954900	955680	to the turbines
955680	957180	instead of the inlet valves?
957360	957660	Right.
957740	958740	And that is the exact
958740	959180	threshold
959180	960820	where the Caldera reactor
960820	963040	shifts from a brilliant piece
963040	964760	of heavy mechanical engineering
964760	966660	into a completely
966660	967580	revolutionary
967580	969100	computational paradigm.
969280	969560	Okay.
969800	970540	Because your instinct
970540	971560	is completely correct.
972000	973140	A process that's violent
973140	973700	and complex
973700	974900	requires constant
974900	976180	instantaneous management.
976320	976920	It has to,
977020	977860	or it explodes.
978140	978620	Exactly.
979060	979720	But Flyxion
979720	980880	entirely discards
980880	981400	the motherboard.
981680	982900	It's just wild to me.
983040	983640	The intelligence
983640	984220	of the system
984220	985300	is physically embedded
985300	986840	directly into the architecture
986840	987880	of the pipes themselves.
988200	988460	Right.
988640	989700	The paper calls
989700	991040	this decentralized system,
991160	992040	the knot lattice,
992400	993360	which introduces
993360	994560	the whole concept
994560	995960	of fluidic computation.
996720	998000	It's a network
998000	998780	that computes
998780	999880	simply by flowing.
1000640	1001920	But how does
1001920	1003260	a literal steel pipe
1003260	1005060	make a microsecond decision?
1005500	1006520	It achieves this
1006520	1007800	through discrete
1007800	1009340	pressure-sensitive routing.
1009660	1009920	Okay.
1010180	1010900	Walk us through that.
1010900	1011920	So the entire
1011920	1012800	fluid network
1012800	1013500	wrapping around
1013500	1014620	the Caldera reactor
1014620	1015740	is constructed
1015740	1016820	of these specialized
1016820	1018100	intersection points.
1018100	1020180	Flyxion designates
1020180	1020900	these nodes
1020900	1021960	as knots.
1022200	1022760	Knots.
1022900	1023240	Got it.
1023440	1024060	You can visualize
1024060	1025120	them as specialized
1025120	1027000	multidirectional valves,
1027240	1028220	but they aren't
1028220	1029160	motorized valves
1029160	1029940	waiting for an
1029940	1030780	electronic signal.
1030900	1031680	They aren't wired
1031680	1032300	to anything.
1032440	1032660	Right.
1032880	1033400	Each knot
1033400	1033920	is designed
1033920	1034840	to physically snap
1034840	1035720	into different
1035720	1036740	geometric states
1036740	1037560	based purely
1037560	1039180	on the raw
1039180	1040080	local pressure
1040080	1041120	pushing against it
1041120	1042080	at that exact
1042080	1043100	physical location.
1043380	1043860	And the paper
1043860	1044800	outlines that this
1044800	1045780	operates on
1045780	1046620	ternary logic.
1046620	1047780	It's not a binary
1047780	1048420	system.
1048540	1048820	Right.
1048900	1049720	It's not a simple
1049720	1050380	one or zero,
1050620	1051420	not just open
1051420	1052000	or closed.
1052280	1053080	The knot has
1053080	1054120	three distinct
1054120	1055080	physical states
1055080	1055680	governed by
1055680	1056720	specific pressure
1056720	1057620	thresholds.
1057680	1058160	Exactly.
1058520	1058960	Think of the
1058960	1059780	physics of the node.
1060120	1060340	Yeah.
1060620	1061340	If the local
1061340	1062260	pressure surging
1062260	1062800	through that
1062800	1063780	specific pipe
1063780	1065200	exceeds a hard
1065200	1066180	upper threshold.
1066400	1067180	Like a huge
1067180	1068180	surge of water.
1068580	1068840	Right.
1068960	1069420	The raw
1069420	1070360	mechanical force
1070360	1070920	of the water
1070920	1072720	physically snaps
1072720	1073360	the internal
1073360	1074440	geometry of the
1074440	1075700	knot into state
1075700	1076120	one.
1076120	1076680	Okay.
1077140	1078180	And in this
1078180	1079600	configuration the
1079600	1081080	knot actively
1081080	1082420	routes the fluid
1082420	1084060	forward along
1084060	1084920	the primary
1084920	1085460	pathway.
1085780	1086580	It's kind of
1086580	1087040	like blowing
1087040	1087820	open a set of
1087820	1088360	heavy double
1088360	1088960	doors because
1088960	1089460	the crowd
1089460	1089940	behind them
1089940	1090360	is pushing
1090360	1090880	too hard.
1091360	1091940	That's a great
1091940	1092420	way to picture
1092420	1092560	it.
1092660	1093720	Now conversely
1093720	1095100	if the pressure
1095100	1096400	plummets below
1096400	1097440	a low threshold.
1097500	1097960	For instance
1097960	1098860	during that
1098860	1099900	massive vacuum
1099900	1100900	collapse in the
1100900	1101700	clamp phase.
1101820	1102280	Exactly.
1102280	1103460	the lack
1103460	1104100	of resistance
1104100	1105320	causes the
1105320	1106300	knot to snap
1106300	1106860	into state
1106860	1107560	meg is one.
1107800	1107940	Okay.
1108900	1109660	This geometry
1109660	1110960	actively routes
1110960	1111920	fluid in reverse
1111920	1113120	pulling material
1113120	1113840	backward through
1113840	1114320	the network.
1114440	1114620	Okay.
1114800	1115240	So we have
1115240	1115920	one and
1115920	1116640	meg is one.
1117040	1117620	But what about
1117620	1118360	the third state?
1118440	1118920	What happens
1118920	1119620	when the pressure
1119620	1120300	is just sort of
1120300	1121020	hovering in the
1121020	1121780	middle between
1121780	1122600	the high surge
1122600	1123100	and the deep
1123100	1123580	vacuum?
1123580	1124380	The knot
1124380	1125360	rests in state
1125360	1125780	zero.
1126320	1126800	Which is what
1126800	1127260	exactly?
1127460	1128060	It's a passive
1128060	1128740	transitional
1128740	1129400	configuration.
1130020	1130400	It doesn't
1130400	1131280	actively force
1131280	1132020	flow in either
1132020	1132600	direction.
1132720	1133120	So it just
1133120	1133700	lets it ride.
1133740	1134060	Basically.
1134340	1134860	It simply
1134860	1135440	allows the
1135440	1136040	ambient fluid
1136040	1136800	dynamics to
1136800	1137660	dictate movement
1137660	1138740	until a pressure
1138740	1139420	threshold is
1139420	1140100	crossed again.
1140280	1141180	That is so
1141180	1141660	elegant.
1142300	1143540	And the
1143540	1144220	absolute
1144220	1145100	brilliance here
1145100	1145540	is the
1145540	1146060	isolation.
1146680	1147060	What do you
1147060	1147280	mean?
1147480	1148640	Well no
1148640	1149360	central brain
1149360	1149860	is pulling
1149860	1150440	the network
1150440	1152040	asking not
1152040	1153040	section 47
1153040	1153880	what is your
1153880	1154440	current pressure
1154440	1154880	status?
1155380	1156360	Oh right.
1156360	1156880	The system
1156880	1157640	collectively
1157640	1158640	instantly
1158640	1159400	resolves its
1159400	1160280	entire rotting
1160280	1161020	configuration
1161020	1162260	across thousands
1162260	1162940	of nodes
1162940	1164060	using only
1164060	1164640	local
1164640	1165300	physical
1165300	1165920	information.
1166400	1166980	I'm picturing
1166980	1167860	an incredibly
1167860	1169080	complex city
1169080	1169720	intersection.
1170020	1170520	Okay what's
1170520	1170680	here?
1170940	1171440	If you have
1171440	1171940	a traditional
1171940	1172760	traffic light
1172760	1173200	that's your
1173200	1173960	central computer
1173960	1175880	a timer runs
1175880	1176780	the light turns
1176780	1178020	green and it
1178020	1178500	doesn't matter
1178500	1178960	if the road
1178960	1179420	is empty
1179420	1179940	or completely
1179940	1180380	packed
1180380	1181140	the central
1181140	1181940	timer dictates
1181940	1182460	the flow.
1183060	1183440	But this
1183440	1184320	fluidic lattice
1184320	1185260	is like an
1185260	1185800	interception
1185800	1186300	with no
1186300	1187260	lights where
1187260	1187800	the sheer
1187800	1188680	physical weight
1188680	1189260	of the cars
1189260	1189680	waiting on
1189680	1190260	the asphalt
1190260	1191180	actually pushes
1191180	1191800	down on a
1191800	1192440	physical lever.
1192840	1192980	Yeah.
1193300	1194160	If 50 cars
1194160	1194940	pile up the
1194940	1195480	pressure is
1195480	1196120	immense the
1196120	1196780	lever physically
1196780	1197940	depresses the
1197940	1198960	road opens and
1198960	1199420	the traffic
1199420	1199880	flows.
1200340	1200740	The traffic
1200740	1201580	itself is the
1201580	1202680	computer the
1202680	1203180	weight of the
1203180	1204020	problem solves
1204020	1204640	the problem.
1205060	1205840	That is exactly
1205840	1207140	it and to take
1207140	1207680	that traffic
1207680	1208500	analogy even
1208500	1209900	further imagine
1209900	1210520	if the cars
1210520	1211280	themselves were
1211280	1212200	physically paving
1212200	1213080	the most efficient
1213080	1214020	route out of the
1214020	1214540	city as they
1214540	1214840	drove.
1214840	1215340	Okay wait
1215340	1215600	what?
1216120	1216700	Because these
1216700	1217560	knots aren't just
1217560	1218440	reacting blindly
1218440	1219660	to surges they
1219660	1220380	are collectively
1220380	1221920	solving a massive
1221920	1223460	continuous mathematical
1223460	1224800	optimization problem.
1224940	1226260	Oh right the
1226260	1227040	loss function.
1227340	1229040	Yes the paper lays
1229040	1229740	out a loss
1229740	1230720	function an
1230720	1231620	equation that the
1231620	1232300	physical pipe
1232300	1233000	network is
1233000	1233820	constantly trying
1233820	1234340	to minimize
1234340	1235740	without a single
1235740	1236600	line of digital
1236600	1237020	code.
1237180	1237940	It naturally
1237940	1238460	solves an
1238460	1239160	equation that
1239160	1240340	minimizes three
1240340	1241580	specific penalties.
1241580	1243020	let's look at
1243020	1243460	the physical
1243460	1244200	reality of
1244200	1244680	these lost
1244680	1245360	terms because
1245360	1246060	they are
1246060	1247160	really fascinating.
1247360	1247600	They really
1247600	1247880	are.
1248040	1248560	The first
1248560	1249180	penalty the
1249180	1249880	physical pipes
1249880	1250680	try to minimize
1250680	1251620	is some
1251620	1252520	optimal flow
1252520	1253060	paths.
1253460	1253620	Right.
1254120	1255000	Because water
1255000	1256160	fundamentally
1256160	1257320	is lazy.
1257720	1258320	True.
1258540	1259200	It constantly
1259200	1260180	seeks the path
1260180	1260540	of least
1260540	1261100	resistance.
1261860	1263140	If a specific
1263140	1264160	routing configuration
1264160	1265380	is forcing fluid
1265380	1266480	down a convoluted
1266480	1267100	high friction
1267100	1268460	pathway full of
1268460	1270020	sharp turns that
1270020	1270800	physical friction
1270800	1271740	creates a local
1271740	1272560	pressure buildup
1272560	1273120	behind it.
1273200	1273620	Because it's
1273620	1274360	resisting the
1274360	1274680	flow.
1274960	1275160	Right.
1275600	1276160	And that
1276160	1277200	localized high
1277200	1278740	pressure eventually
1278740	1279620	hits the upper
1279620	1280480	threshold of a
1280480	1281520	knot forcing it
1281520	1282580	to snap into a
1282580	1283520	new state and
1283520	1284340	open a different
1284340	1285440	wider pathway.
1285840	1286520	The physical
1286520	1287680	pressure inherently
1287680	1288740	punishes bad
1288740	1289140	routing.
1289520	1289980	Precisely.
1290220	1290760	The second
1290760	1291500	penalty the
1291500	1292340	system minimizes
1292340	1293180	is excess
1293180	1294200	energy expenditure.
1294520	1294820	Right.
1295240	1296240	If a specific
1296240	1297260	configuration of
1297260	1297740	the lattice
1297740	1298900	requires a massive
1298900	1299400	amount of
1299400	1300120	kinetic energy
1300120	1301340	just to push
1301340	1301820	the liquid
1301820	1302900	through it's
1302900	1303560	unsustainable.
1303920	1304220	So what
1304220	1304720	happens?
1305420	1305800	The fluid
1305800	1306520	dynamics will
1306520	1307400	naturally shift
1307400	1308840	relaxing the
1308840	1309640	entire physical
1309640	1310600	network into a
1310600	1311360	lower energy
1311360	1312400	highly efficient
1312400	1312880	state.
1313160	1314080	The water just
1314080	1314580	finds the
1314580	1315320	easiest way to
1315320	1315580	move.
1315760	1316320	And the third
1316320	1317180	penalty is the
1317180	1317760	one that really
1317760	1318480	highlights the
1318480	1319220	difference between
1319220	1320120	physical and
1320120	1321240	digital computation
1321240	1321820	I think.
1322160	1323060	Mechanical wear.
1323420	1323880	Absolutely.
1324180	1324840	Because a digital
1324840	1325840	computer never has
1325840	1326720	to worry about its
1326720	1327880	if-in statements
1327880	1328940	physically wearing
1328940	1329340	out.
1329660	1330300	Code doesn't
1330300	1330760	rust.
1331100	1331680	Code doesn't
1331680	1332560	rust or grind
1332560	1332900	down.
1333480	1334020	But in a
1334020	1334920	physical fluidic
1334920	1335840	lattice the valves
1335840	1336360	are made of
1336360	1337540	actual material.
1337760	1337980	Right.
1338100	1338820	Steel and seals.
1339260	1340360	If a knot is
1340360	1341600	constantly fluttering
1341600	1342760	back and forth
1342760	1344160	vibrating intensely
1344160	1345180	between state one
1345180	1346100	and state minus one
1346100	1347380	every millisecond
1347380	1348720	it's going to
1348720	1349460	literally tear
1349460	1350180	itself apart.
1350560	1351500	And that is the
1351500	1352620	genius Flyxion's
1352620	1353500	threshold design.
1353980	1354680	The system
1354680	1355940	naturally dampens
1355940	1356500	that kind of
1356500	1357220	high frequency
1357220	1357960	oscillation.
1357960	1358620	How does it do
1358620	1358880	that?
1359000	1359560	The pressure
1359560	1360240	differentials
1360240	1360980	required to
1360980	1361780	change a state
1361780	1362740	are wide enough
1362740	1363880	that the system
1363880	1365080	seeks stable
1365080	1366380	locked-in
1366380	1366900	routing
1366900	1367660	configurations.
1368120	1368580	Ah.
1368940	1369800	It physically
1369800	1371000	resists flutter
1371000	1372220	to minimize
1372220	1373500	the deterioration
1373500	1373940	of its own
1373940	1374520	architecture.
1374740	1375180	Man.
1375400	1375740	If you're
1375740	1376220	listening to
1376220	1376760	this just
1376760	1377600	pause and
1377600	1378140	think about
1378140	1379000	how liberating
1379000	1379680	this is from
1379680	1380300	an engineering
1380300	1380960	perspective.
1381160	1381780	It's huge.
1382200	1382720	We live in a
1382720	1383500	world basically
1383500	1384480	paralyzed by
1384480	1385400	digital fragility.
1385400	1386240	We worry
1386240	1387220	about software
1387220	1388020	bugs crashing
1388020	1388580	airplanes.
1388800	1389160	We worry
1389160	1390560	about hostile
1390560	1391780	hackers infiltrating
1391780	1392440	the digital
1392440	1393400	control systems
1393400	1394060	of power
1394060	1394680	plants and
1394680	1395420	water treatment
1395420	1395960	facilities.
1396000	1396200	Yeah.
1396400	1396760	A single
1396760	1397400	typo in a
1397400	1397920	million lines
1397920	1398460	of code
1398460	1399000	can halt
1399000	1399500	the factory.
1399660	1399980	Exactly.
1400180	1400600	But here,
1401320	1401820	you cannot
1401820	1402520	hack a steel
1402520	1402940	pipe.
1403180	1403500	No, you
1403500	1403820	can't.
1403940	1404300	There are
1404300	1404820	no software
1404820	1405480	bugs because
1405480	1406160	there is no
1406160	1406600	software.
1407020	1407700	The machine
1407700	1408600	calculates the
1408600	1409500	optimal flow of
1409500	1410460	energy simply
1410460	1411540	by existing
1411540	1412620	and experiencing
1412620	1413720	physical force.
1413720	1414720	It is an
1414720	1415380	incredibly
1415380	1416200	robust,
1417440	1417860	virtually
1417860	1418880	indestructible
1418880	1419740	way to
1419740	1420400	design an
1420400	1420820	industrial
1420820	1421380	system.
1421580	1421980	And because
1421980	1422620	this knot
1422620	1423340	lattice is
1423340	1424200	constantly
1424200	1425240	physically
1425240	1426260	calculating the
1426260	1427100	optimal paths
1427100	1427900	in real time,
1428100	1429000	it completely
1429000	1429980	transforms how
1429980	1430720	we view energy
1430720	1431620	storage, too.
1431680	1432280	Oh, absolutely.
1433020	1433460	Remember the
1433460	1434400	recovery phase we
1434400	1434980	talked about?
1435280	1436100	The massive
1436100	1436980	compression plate
1436980	1437760	dropping and
1437760	1438440	pushing fluid
1438440	1438840	through the
1438840	1439080	turbines?
1439120	1439860	Yes, capturing
1439860	1440440	the gravitational
1440440	1441760	potential energy.
1441760	1441940	Right.
1442020	1442700	In a traditional
1442700	1443720	mechanical system,
1444040	1444660	the release of
1444660	1445360	that gravitational
1445360	1446460	energy is fixed.
1446660	1447340	You pull a lever,
1447820	1448580	the weight drops,
1448880	1449620	and the energy
1449620	1450520	travels down a
1450520	1451760	single predetermined
1451760	1453080	mechanical shaft.
1453220	1453520	Right.
1454060	1454540	But in the
1454540	1455440	caldera reactor,
1455960	1456640	the descent of
1456640	1457760	the plate pushes
1457760	1458700	fluid into the
1458700	1459340	knot lattice.
1460040	1460740	And because the
1460740	1461220	lattice is
1461220	1462440	constantly calculating,
1462880	1463340	the energy
1463340	1464020	release becomes
1464020	1464940	entirely dynamic.
1465080	1466080	Dynamic, meaning
1466080	1466860	it adapts.
1466880	1467140	Yes.
1467520	1468180	Flyxion actually
1468180	1469180	refers to it as
1469180	1470240	a programmable
1470240	1471380	discharge battery.
1471380	1472200	We usually
1472200	1472680	think of a
1472680	1473300	battery as a
1473300	1474240	passive bucket
1474240	1475120	of power, right?
1475120	1475300	Right.
1475380	1475960	You charge up
1475960	1476680	your phone battery
1476680	1477760	and when you
1477760	1478560	open an app,
1479100	1479800	the energy just
1479800	1480840	passively drains
1480840	1481260	out.
1481620	1482420	But this is a
1482420	1483180	bucket of power
1483180	1483900	that actively
1483900	1485020	decides exactly
1485020	1486620	how, when,
1486880	1487640	and where to
1487640	1489000	pour itself based
1489000	1490040	on the real-time
1490040	1491000	demands of its
1491000	1491440	environment.
1492100	1492640	It's brilliant.
1492940	1493920	And to really
1493920	1494680	understand how
1494680	1495660	massive a leap
1495660	1496940	this is, the
1496940	1498460	paper contrasts the
1498460	1499260	caldera system
1499260	1500560	directly with
1500560	1501320	something highly
1501320	1502040	relevant in
1502040	1502820	modern energy
1502820	1503420	right now.
1503720	1504260	The thermal
1504260	1505180	sand battery.
1505320	1505540	Yes.
1505680	1506240	Sand batteries
1506240	1506920	are everywhere
1506920	1507680	in the engineering
1507680	1508400	news right now.
1508440	1508900	And the premise
1508900	1509840	is very elegant,
1510000	1510380	actually.
1510560	1510920	It is.
1511020	1511440	You have a
1511440	1512280	massive wind
1512280	1513300	farm, and
1513300	1514020	it's generating
1514020	1514940	peak electricity
1514940	1516180	at 3.00 a.m.
1516200	1516900	when the grid
1516900	1517580	doesn't need it.
1517600	1517800	Right.
1517900	1518720	Everyone's asleep.
1518900	1519380	Exactly.
1519860	1520680	So instead of
1520680	1521440	wasting it,
1521500	1522260	you use that
1522260	1523200	electricity to
1523200	1524220	power giant
1524220	1525480	resistive heaters
1525480	1526460	buried inside a
1526460	1527440	massive insulated
1527440	1528640	silo filled with
1528640	1529720	thousands of
1529720	1530900	tons of sand.
1531040	1531940	Because sand has
1531940	1532460	an incredible
1532460	1533460	capacity to hold
1533460	1533880	on to heat.
1534060	1534300	Right.
1534580	1535340	Then, a week
1535340	1536020	later, when a
1536020	1536900	winter storm hits
1536900	1537340	and you need
1537340	1538400	energy, you
1538400	1539420	extract that
1539420	1540360	trapped heat to
1540360	1541000	warm a city
1541000	1542060	block or run a
1542060	1542400	factory.
1542660	1543620	It's a phenomenal
1543620	1544720	way to store bulk
1544720	1545120	energy.
1545260	1545520	Yeah.
1545880	1546440	But Flyxion
1546440	1547080	points out its
1547080	1548280	fundamental limitation.
1548640	1548860	Yeah.
1549500	1550360	It is entirely
1550360	1551040	passive.
1551360	1551880	Passive.
1552060	1553040	Meaning the
1553040	1553860	release of energy
1553860	1554380	in a sand
1554380	1555820	battery is governed
1555820	1556960	exclusively by
1556960	1557820	thermal diffusion.
1558640	1559800	Heat naturally
1559800	1560700	flows from hot
1560700	1561440	areas to cold
1561440	1561820	areas.
1562420	1563460	It obeys a
1563460	1564180	simple scalar
1564180	1565060	temperature field.
1565460	1565980	So you can't
1565980	1566580	control it?
1567140	1567780	Not really.
1567980	1569320	As the operator,
1569700	1570700	you cannot tell
1570700	1571400	the heat how to
1571400	1572740	move or which
1572740	1573820	specific path to
1573820	1574420	take through the
1574420	1574740	sand.
1575000	1575920	You just open a
1575920	1576720	thermal valve and
1576720	1577340	the heat bleeds
1577340	1578220	out according to
1578220	1579400	basic thermodynamics.
1579720	1580400	If you want to
1580400	1581440	optimize a sand
1581440	1582300	battery, your only
1582300	1583120	real option is
1583120	1584680	basically to buy
1584680	1586100	thicker fiberglass
1586100	1587620	insulation to stop
1587620	1588300	the heat from
1588300	1589000	leaking out the
1589000	1589440	sides.
1589860	1590300	Exactly.
1590660	1591300	The intelligence
1591300	1592200	of the system is
1592200	1592500	zero.
1592920	1593680	It's just a hot
1593680	1594280	rock and a
1594280	1594620	thermos.
1594660	1595300	Hot rock and a
1595300	1595680	thermos.
1595860	1596140	Right.
1596440	1597300	But the Caldera
1597300	1599000	reactor, acting as
1599000	1599900	a programmable
1599900	1601320	battery, requires
1601320	1602100	what the paper
1602100	1603020	calls a full
1603020	1603900	coupled field
1603900	1604440	description.
1604740	1604960	Right.
1605040	1605600	You don't just
1605600	1606500	have energy waiting
1606500	1606940	to leak.
1607100	1607860	You have a highly
1607860	1609040	structured environment
1609040	1610540	actively negotiating
1610540	1611200	the release.
1611320	1611860	And the paper
1611860	1612660	breaks this down
1612660	1613400	into three
1613400	1614580	interacting layers,
1614720	1614820	right?
1614820	1615100	Yes.
1615460	1615980	First, you have
1615980	1616440	the scalar
1616440	1616960	potential.
1617140	1617580	In this case,
1617640	1618020	the immense
1618020	1618820	pressure field
1618820	1619660	generated by the
1619660	1620380	descending plate.
1620740	1621420	Okay, so that
1621420	1622120	represents the
1622120	1623240	total available
1623240	1624180	energy pushing
1624180	1624780	against the
1624780	1625120	system.
1625280	1625440	Right.
1625880	1626720	Second, you have
1626720	1627760	the trans-quart
1627760	1628140	field.
1628240	1628460	Yeah.
1628600	1629380	That's the actual
1629380	1630560	physical velocity
1630560	1631300	and movement of
1631300	1632280	the water carrying
1632280	1632880	that energy.
1633060	1633200	Oh, God.
1633380	1633840	And third.
1634080	1635700	Third, and most
1635700	1637340	crucially, you have
1637340	1638000	the accessibility
1638000	1638880	constraints.
1639440	1639980	Which are the
1639980	1641080	physical states of
1641080	1641720	the knots and
1641720	1642160	the lattice.
1642720	1643240	Precisely.
1643500	1644080	The knots are
1644080	1645500	actively, physically
1645500	1646560	deciding which
1646560	1647440	pathways are
1647440	1648720	available for the
1648720	1649500	energy to travel
1649500	1649800	through.
1650120	1650520	Wild.
1651000	1651500	As the heavy
1651500	1652780	plate drops, the
1652780	1653600	system actively
1653600	1654420	selects its
1654420	1655560	discharge routes in
1655560	1657140	real time based on
1657140	1657640	the changing
1657640	1658640	constraint geometry
1658640	1659480	of those nodes.
1659600	1660360	So it's evaluating
1660360	1660900	the pressure
1660900	1661960	landscape across
1661960	1663280	the entire six-story
1663280	1663780	reactor.
1664020	1664320	Right.
1664740	1665620	It evaluates it
1665620	1666260	and physically
1666260	1666860	dictates.
1667300	1667840	Routing the
1667840	1668680	pressurized fluid
1668680	1669740	through turbine A
1669740	1670860	is optimal right
1670860	1671140	now.
1671140	1672300	But a fraction
1672300	1672720	of a second
1672720	1673220	later, the
1673220	1674100	pressure shifts.
1674640	1675180	Turbine A is
1675180	1676400	saturated, so the
1676400	1677520	lattice snaps and
1677520	1678240	routes the remaining
1678240	1678920	force through
1678920	1679560	turbine B.
1679760	1680140	Wow.
1680500	1681440	It is an active,
1681660	1682900	dynamic negotiation
1682900	1684040	of energy release,
1684580	1685980	shaped entirely by the
1685980	1686840	physical limits of
1686840	1687800	the system itself.
1687920	1688880	It is a machine that
1688880	1689800	thinks with water.
1690000	1690740	It really is.
1691060	1692420	But, you know, as if
1692420	1693700	mechanical, fluidic
1693700	1694880	thinking wasn't wild
1694880	1696020	enough, Flyxion's
1696020	1696940	design doesn't stop
1696940	1697200	there.
1697860	1698740	Not even close.
1698740	1699740	The system also
1699740	1700720	integrates living
1700720	1702640	biological workers and
1702640	1703440	a statistical
1703440	1704900	artificial intelligence
1704900	1705700	overseer.
1705820	1707140	It's this incredible
1707140	1709220	hybrid brain trying
1709220	1710100	to manage the
1710100	1711680	chaotic, messy
1711680	1713960	reality of raw
1713960	1715500	organic sludge.
1715680	1716740	Let's dive into the
1716740	1717880	biological integration.
1718520	1719420	The paper details
1719420	1720320	throwing highly
1720320	1721340	engineered yeast
1721340	1723080	strains directly into
1723080	1724340	this brutal high
1724340	1725120	pressure compression
1725120	1725600	chamber.
1725920	1726920	And this is perhaps
1726920	1727440	one of the most
1727440	1728560	radical departures
1728560	1729220	from standard
1729220	1730140	industrial biology.
1730940	1731880	Normally, if you're
1731880	1732920	working with delicate,
1733540	1734580	genetically engineered
1734580	1736160	yeast, you do it in
1736160	1737340	pristine, highly
1737340	1738520	controlled, temperature
1738520	1739700	regulated, stainless
1739700	1740840	steel bioreactors.
1740860	1741060	Right.
1741160	1742140	You coddle the yeast.
1742280	1743020	You coddle the yeast.
1743100	1743920	You do not typically
1743920	1745220	mix delicate biology
1745220	1746100	into a mechanical
1746100	1747220	vice that is violently
1747220	1748060	crushing ocean
1748060	1749340	sediment under massive
1749340	1750140	thermo-pneumatic
1750140	1750620	pressure.
1750840	1751320	But Flyxion does
1751320	1752000	exactly that.
1752180	1752360	Yep.
1752560	1753500	The paper outlines
1753500	1754580	three specific
1754580	1755940	biological functions
1755940	1757060	these yeast strains
1757060	1757780	are executing
1757780	1758600	within the sludge.
1759380	1760480	Glucoamylase production,
1761020	1761860	lipase activity,
1762200	1763400	and PHA synthesis.
1763740	1764160	Right.
1764320	1765120	Let's break these down.
1765300	1765520	Okay.
1765640	1766480	So the yeast are
1766480	1768000	producing glucoamylase.
1768360	1769680	If I remember my
1769680	1770620	high school biology,
1771100	1772220	amylase breaks down
1772220	1772920	starches.
1773100	1773280	Yep.
1773600	1774800	So are these yeast
1774800	1776160	basically acting like
1776160	1777740	microscopic biological
1777740	1779420	scissors, chopping up
1779420	1780700	the complex, rigid
1780700	1781880	starches found in the
1781880	1782800	kelp and peat into
1782800	1784060	simple, easily
1784060	1785060	digestible sugars?
1785060	1786660	You've got it, exactly.
1787000	1787880	The kelp and sediment
1787880	1789160	are locked up in these
1789160	1790940	tough, complex
1790940	1791960	polysaccharides.
1792040	1792240	Okay.
1792640	1794140	The glucoamylase enzyme
1794140	1796060	cleaves those massive
1796060	1797420	molecular chains down
1797420	1798500	into simple sugars,
1799200	1800840	entirely liquefying the
1800840	1802020	solid structure of the
1802020	1803140	biomass from the inside
1803140	1803440	out.
1803620	1803960	Wow.
1804280	1804540	Okay.
1804620	1805560	And the second function,
1805720	1806340	the lipase.
1806660	1808500	Lipids are fats and oils.
1808880	1809120	Right.
1809200	1810100	So is the lipase
1810100	1811520	basically acting like a
1811520	1812920	hyperaffignant biological
1812920	1813440	degreaser?
1813440	1814820	That is a perfect
1814820	1815340	description.
1815640	1816580	The lipase enzymes
1816580	1818060	attack the triglycerides
1818060	1819260	locked in the cellular
1819260	1820400	structure of the sludge.
1820660	1820940	Okay.
1821200	1822220	They break down those
1822220	1824000	complex fats, liberating
1824000	1825080	the high energy lipid
1825080	1825520	molecules.
1826000	1827380	This is the absolute
1827380	1828280	core of creating
1828280	1829600	valuable biocrude.
1830400	1831720	You are extracting the
1831720	1833160	oil directly from the
1833160	1834160	cellular matrix of the
1834160	1834640	ocean mud.
1834780	1837380	And finally, the PHA
1837380	1838780	synthesis.
1841040	1841640	Polyhydroxyalkanoates.
1841720	1842580	I hope I said that right.
1842580	1843120	You did.
1843620	1844620	PHAs are essentially
1844620	1845980	biological plastics.
1846260	1847400	Biological plastics.
1847740	1847960	Right.
1848220	1849160	While the first two
1849160	1850220	enzymes are tearing the
1850220	1851700	sludge apart, the yeast
1851700	1853120	itself is taking some of
1853120	1854580	the newly available carbon
1854580	1856360	from those simple sugars
1856360	1858360	and synthesizing these
1858360	1859900	complex biopolymers.
1860080	1860300	Okay.
1861260	1862260	Why is that important?
1862520	1864100	PHAs are incredibly
1864100	1865440	valuable because they
1865440	1866600	perform like traditional
1866600	1868440	petroleum plastics, but
1868440	1869320	they are entirely
1869320	1869580	biodegradable.
1869580	1870340	biodegradable.
1870340	1871700	So the yeast are acting
1871700	1872820	like billions of
1872820	1874440	microscopic gears inside
1874440	1875500	the larger machine,
1875700	1876680	breaking down the tough
1876680	1878780	barriers and synthesizing
1878780	1880060	valuable products on the
1880060	1880440	fly.
1880560	1881080	Exactly.
1881220	1882320	But the real genius here
1882320	1883060	is the environment.
1883700	1885140	Why do this inside the
1885140	1885480	crusher?
1886400	1887600	The paper stresses that
1887600	1888480	this isn't a separate
1888480	1890100	sterile lab phase that
1890100	1891600	happens before or after
1891600	1892500	the mud is crushed.
1892660	1892940	Right.
1893080	1894100	Integrating it is the
1894100	1895200	master stroke here.
1895380	1895580	Yeah.
1895580	1896740	The brutal mechanical
1896740	1898240	compression and the
1898240	1899440	intense heat gradients
1899440	1900740	generated by the friction
1900740	1901660	of the press phase.
1901740	1901980	Yeah.
1902300	1903120	They aren't just crushing
1903120	1903960	the water out.
1904420	1905400	They are the energetic
1905400	1906480	drivers for these
1906480	1907540	biological reactions.
1907600	1908040	Oh, cool.
1908180	1909480	The mechanical cycle and
1909480	1910740	the biological cycle are
1910740	1911840	perfectly enmeshed.
1912260	1913560	The immense heat of
1913560	1915060	compression accelerates the
1915060	1916540	enzymatic activity of the
1916540	1918580	yeast far beyond what it
1918580	1919860	would achieve in a room
1919860	1920700	temperature vat.
1920820	1921660	So it's feeding the
1921660	1922120	biology.
1922400	1922820	Exactly.
1923020	1923200	Yeah.
1923200	1924560	The crushing mechanical
1924560	1925940	pressure forces those
1925940	1927380	enzymes deep into the
1927380	1928860	microscopic porous structure
1928860	1930480	of the biomass, achieving
1930480	1931500	total saturation.
1932140	1933700	The mechanical violence
1933700	1935140	actually powers the
1935140	1936160	biological extraction.
1936400	1936680	Okay.
1936820	1938560	So we have fluidic steel
1938560	1940820	pipes making micro second
1940820	1942160	routing decisions based on
1942160	1942520	pressure.
1942780	1944900	And we have biological yeast
1944900	1946320	chewing through starches
1946320	1947280	under immense mechanical
1947280	1947640	heat.
1947760	1947900	Yeah.
1948340	1950120	Where does the AI come in?
1950140	1950420	Right.
1950420	1951740	If the fluid is handling
1951740	1953080	the fast instantaneous
1953080	1955000	computation, what is the
1955000	1956000	artificial intelligence
1956000	1956860	actually doing?
1957500	1958900	Well, the paper introduces
1958900	1960400	an external convolutional
1960400	1961800	neural network, a CNN.
1962240	1962620	Okay.
1963160	1964200	But it isn't looking at
1964200	1965320	camera feeds or pictures,
1965520	1966280	which is what we usually
1966280	1967400	think of with CNNs.
1967820	1970400	It is continuously analyzing
1970400	1972700	Raman spectral data taken
1972700	1973940	directly from the biomass
1973940	1975040	inside the chamber.
1975540	1976820	Raman spectroscopy.
1976880	1977000	Yeah.
1977000	1978900	For anyone unfamiliar, that
1978900	1980720	involves shining a specialized
1980720	1982660	laser into the sludge and
1982660	1983980	measuring exactly how the
1983980	1985280	light scatters when it hits
1985280	1985960	the molecules.
1986760	1987960	It basically gives you a
1987960	1989500	real-time molecular
1989500	1991540	fingerprint of whatever is
1991540	1993660	inside the dark sealed
1993660	1994100	drum.
1994300	1995840	It gives the system eyes
1995840	1996920	inside the chaos.
1996980	1998000	Oh, I like that.
1998120	1999760	The CNN takes that massive
1999760	2002240	stream of raw spectral data
2002240	2004540	and classifies the exact
2004540	2006280	material state of the sludge
2006280	2007840	at any given millisecond.
2007980	2008920	So it knows what's going
2008920	2009740	on chemically.
2009960	2010240	Right.
2010540	2011540	It knows that the material
2011540	2012760	is still highly hydrated.
2013140	2014040	It knows that the
2014040	2015440	glucoamylase has successfully
2015440	2016880	broken down the starches.
2017160	2018420	It detects when the
2018420	2019580	valuable lipids have been
2019580	2021000	fully liberated from the
2021000	2021780	cellular walls.
2021940	2024000	And then it uses that deep
2024000	2025880	molecular understanding to
2025880	2027840	tweak the macro parameters of
2027840	2028840	the entire reactor.
2028940	2029380	Exactly.
2029940	2031640	The paper beautifully outlines
2031640	2033320	this hybrid division of labor.
2033500	2034460	Okay, let's go over that.
2034460	2035880	The physical knot lattice,
2036000	2036860	the water, and the pipes
2036860	2039120	handles the fast, local,
2039460	2040660	spatial routing decisions.
2041220	2042580	It has to act instantly,
2043060	2044700	faster than any digital sensor
2044700	2045620	could ever process.
2045740	2046720	Because it's physics.
2047080	2047360	Right.
2047820	2049560	It's snapping valves shut
2049560	2051140	based on immediate local
2051140	2052800	pressure spikes to prevent
2052800	2053960	the machine from tearing
2053960	2054820	itself apart.
2055380	2057320	But the neural network handles
2057320	2059280	the slow, globally informed
2059280	2059880	adaptation.
2060020	2061380	Oh, so it's making the big
2061380	2061900	decisions.
2061900	2062300	Right.
2062700	2064480	The AI might analyze the
2064480	2066240	spectral data and determine,
2066660	2068880	hey, this specific batch of
2068880	2071060	peat from the lower bog is
2071060	2072600	incredibly fibrous and
2072600	2072920	stubborn.
2073660	2074840	We need to increase the
2074840	2075960	duration of the superheated
2075960	2077700	steam injection for the next
2077700	2080500	lift phase by 12% to pre-soften
2080500	2081160	the material.
2081380	2082280	Oh, wow.
2082440	2084040	Or it might see the lipid
2084040	2085120	extraction is complete.
2085340	2086700	Let's accelerate the cooling for
2086700	2088320	the clamp phase to move to the
2088320	2088820	next cycle.
2088820	2090900	I picture it exactly like a
2090900	2092220	massive symphony orchestra.
2093260	2094140	Oh, that's a good analogy.
2094280	2095760	Like the physical knot lattice,
2095900	2096760	the fluidic pipes.
2096900	2098080	They are the musicians.
2098500	2099700	They are the ones physically
2099700	2101460	playing the notes, feeling the
2101460	2103520	immediate tactile feedback of
2103520	2105160	their instruments, making
2105160	2106840	split second local adjustments
2106840	2108240	to their pitch and pressure.
2108540	2108800	Yes.
2109020	2110960	But the AI is the conductor.
2111320	2112640	The conductor isn't playing an
2112640	2114200	instrument, but they are looking
2114200	2116820	at the entire score, listening to
2116820	2118820	the macro output and setting the
2118820	2119100	tempo.
2119100	2120500	They are making the sweeping
2120500	2122280	adjustments to ensure the overall
2122280	2124120	performance is perfectly optimized
2124120	2126660	based on the messy reality of the
2126660	2127820	sludge they've been handed.
2128200	2129840	And that division of labor between
2129840	2132560	fast physical logic and slow
2132560	2135820	statistical inference is what allows
2135820	2138740	the caldera to process material that
2138740	2140940	would choke a traditional refinery.
2141160	2141680	It's incredible.
2141880	2142020	Okay.
2142020	2144240	So we have a profound understanding
2144240	2145440	of what this machine does.
2146040	2148360	We know it breathes massive amounts
2148360	2149500	of steam and vacuum.
2149900	2152240	We know it uses ternary fluid logic
2152240	2153460	to route energy.
2153900	2155760	We know it employs yeast as
2155760	2157220	microscopic extractors.
2157360	2159420	And we know an AI conducts the
2159420	2160360	overall rhythm.
2160460	2160980	It's a lot.
2161000	2161580	It's a ton.
2161800	2163480	But the second half of
2163480	2165440	Flyxion's paper is where we leave
2165440	2167140	the realm of mechanical engineering
2167140	2169720	and wade out into the deep waters
2169720	2171120	of theoretical physics.
2171120	2172640	This is where it gets really deep.
2172740	2174160	Because the paper asks the
2174160	2176400	foundational question, why does
2176400	2178020	this discrete logic emerge from
2178020	2179620	physical fluid in the first place?
2179740	2179920	Right.
2180440	2182600	And to answer that, Flyxion brings
2182600	2185280	in variational field theory and
2185280	2187800	maps the reactor onto the RSVP
2187800	2188300	framework.
2188780	2189120	Yes.
2189940	2191840	This is the section that elevates
2191840	2193760	the document from a brilliant
2193760	2196900	engineering schematic to a profound
2196900	2198500	piece of fundamental science.
2198620	2199040	Honestly.
2199040	2200820	We talked earlier about the
2200820	2202140	discrete states of the knot
2202140	2202880	lattice, right?
2203460	2205180	Snapping cleanly into state
2205180	2206720	negative one, zero, or one.
2207260	2209020	Flyxion mathematically proves
2209020	2211560	that these discrete digital-like
2211560	2214080	states aren't just arbitrary
2214080	2215820	mechanical limits that an engineer
2215820	2216880	bolted into the pipe.
2216960	2217460	Oh, okay.
2217600	2219400	They are the inevitable natural
2219400	2222100	result of gradient descent in a
2222100	2224120	continuous energy functional.
2224280	2224500	Okay.
2224500	2226320	Let's slow down and really chew on
2226320	2229220	that because gradient descent in a
2229220	2231520	continuous energy functional is the
2231520	2232760	kind of phrase that makes people
2232760	2233820	want to change the channel.
2234100	2234380	Fair enough.
2234600	2234980	Fair enough.
2235060	2235760	Let's break it down.
2235900	2237500	The paper defines this global
2237500	2238920	functional, Jotter dollars.
2239280	2240880	Think of Jotters as a mathematical
2240880	2241720	scorecard.
2241860	2242140	Okay.
2242540	2243060	It's a scorecard.
2243080	2245200	It represents the total cost or
2245200	2247240	energy state of the entire reactor
2247240	2249120	system at any given microsecond.
2249760	2252440	And nature, universally, always wants
2252440	2254340	to achieve the lowest possible score.
2254460	2254780	Right.
2255220	2256720	It wants to minimize this cost.
2256960	2257560	Exactly.
2258220	2260060	This functional is made of four
2260060	2261860	distinct physical realities.
2262300	2264100	Let's look at the actual physics of
2264100	2265500	what the system is trying to minimize.
2265800	2265960	Okay.
2266360	2268400	The first physical reality the system
2268400	2270820	minimizes is the steepness of
2270820	2271760	pressure gradients.
2272460	2273020	Meaning what?
2273220	2275240	The mathematical term essentially
2275240	2277780	penalizes the system for having
2277780	2280060	severe pressure spikes right next to
2280060	2281120	low-pressure voids.
2281120	2284180	The physical reality of water is that
2284180	2285960	it naturally wants to smooth out
2285960	2286580	spatially.
2286900	2287280	Okay.
2287620	2290380	It resists sheer cliffs of pressure.
2290580	2293280	It's exactly like a massive mound of
2293280	2294780	loose, dry sand.
2294960	2297140	You can't build a perfectly vertical wall
2297140	2298120	out of loose sand.
2298260	2298920	No, you can't.
2298980	2300920	Gravity and friction naturally cause it
2300920	2303340	to slump down into a smooth, gradual
2303340	2303860	pile.
2304320	2306280	The fluid in the reactor naturally
2306280	2308600	regularizes its own pressure field in
2308600	2309520	the exact same way.
2309720	2310460	That's a great visual.
2310460	2312540	Now, the second physical reality it
2312540	2314780	minimizes is chaotic kinetic energy.
2315220	2316280	So turbulent flows.
2316600	2316740	Right.
2317140	2319300	The system disfavors fast thrashing
2319300	2321840	turbulent flows whose sheer velocity
2321840	2324020	isn't actively contributing to moving
2324020	2324920	the fluid forward.
2325200	2326060	It wants efficiency.
2326660	2327140	Inherently.
2327700	2330460	It wants the fluid to move with smooth,
2330700	2333340	directed efficiency rather than just
2333340	2335580	boiling and thrashing around in place
2335580	2337000	and wasting energy as heat.
2337140	2337760	Makes sense.
2337760	2340680	Now, the third term is the one I find most
2340680	2341620	visually compelling.
2342120	2344440	The paper models the state of the knots
2344440	2346320	using a triple well potential.
2346600	2347160	Yes.
2347160	2349660	If you were to graph the math describing
2349660	2352160	how a knot behaves, you wouldn't see a
2352160	2354420	straight line or a simple gentle curve.
2354900	2357380	You would see a landscape that looks exactly
2357380	2360700	like a capital letter W, but with a third
2360700	2362460	deep dip right in the middle.
2362780	2365040	Three distinct deep valleys.
2365040	2367680	And that landscape is the key to the physical
2367680	2368380	computation.
2368740	2369220	How so?
2369500	2371420	The physical state of the knot, its current
2371420	2374340	geometry, is like a heavy marble rolling
2374340	2376160	across that W-shaped landscape.
2376280	2376540	Okay.
2376800	2378820	The dynamic environment of the reactor,
2379020	2381280	the surging steam, and the dropping plate
2381280	2383100	is constantly shaking the board,
2383420	2384680	adjusting the local pressure.
2384820	2386340	So the marble is moving around.
2386500	2386700	Right.
2387060	2389320	And the marble cannot simply defy gravity
2389320	2390800	and rest on the steep slopes.
2390800	2394400	It naturally, inevitably rolls downhill to rest
2394400	2396220	at the lowest point of whatever valley it is
2396220	2396800	closest to.
2397300	2400160	And those three deep valleys perfectly correspond
2400160	2401740	to the three discrete states.
2402400	2404020	The reverse routing of Menico 1,
2404640	2406720	the passive transitional state of 0,
2407020	2408940	and the forward active routing of 1.
2409040	2409500	Exactly.
2409680	2412320	The hills between these valleys are the potential
2412320	2412980	barriers.
2414120	2417060	Flyxion notes that the distinct, crisp logic
2417060	2419900	we observe, emerges naturally when these barriers
2419900	2421520	are incredibly high and steep,
2421880	2424660	what the paper calls the strong barrier limit.
2424720	2424920	Right.
2425160	2427400	As the pressure forces intensify,
2427920	2429980	the mathematical hills between those valleys
2429980	2433100	become incredibly steep, practically vertical.
2433260	2433980	Oh, we see.
2434260	2436840	It becomes physically impossible for the knot's
2436840	2440300	internal geometry to just hover halfway up a hill
2440300	2442440	in a state of partial indecision.
2442560	2443540	It has to pick a lane.
2443540	2447880	It is forced by the fundamental, undeniable physics
2447880	2449540	of the potential energy landscape
2449540	2451840	to snap cleanly and instantly
2451840	2453940	into one of the three discrete valleys.
2454320	2456840	So the continuous, messy physical fluid
2456840	2460120	creates its own absolute digital-like logic
2460120	2462200	simply by obeying the laws of physics
2462200	2464200	and seeking the lowest energy state.
2464320	2465560	That is the magic of it, yes.
2465580	2467500	And the final element of this scorecard,
2467600	2469740	the fourth term, is the coupling mechanism.
2469740	2472480	It is the physics that directly links
2472480	2474220	the physical geometry of the knot
2474220	2476760	to the local pressure field of the water.
2477440	2479620	It means that a region of surging high pressure
2479620	2482460	physically tilts that W-shaped landscape,
2482980	2484780	heavily biasing the marble to fall
2484780	2486280	into the active forward valley.
2486700	2489740	The pressure physically commands the valves to change.
2489900	2490240	Wow.
2490660	2494420	By minimizing this massive, complex functional,
2494420	2496760	the entire six-story reactor
2496760	2501520	is performing a massive distributed parallel computation.
2502100	2503720	It is collectively inferring
2503720	2506620	the absolute most efficient routing configuration
2506620	2509160	by simply letting the physics happen.
2509240	2509600	Exactly.
2509840	2513480	And this leads to the absolute mind-bender of the paper.
2513560	2514020	Here we go.
2514120	2516400	Flyxion takes this entire physical reality,
2516680	2519260	the sludge, the steam, the massive steel plate,
2519560	2520560	the fluidic valves,
2520560	2522980	and maps it directly, one-to-one,
2523380	2526040	onto a highly abstract theoretical framework
2526040	2528560	called the Relativistic Scalar Vector Plenum,
2529220	2529560	or RSVP.
2530280	2532080	It is a breathtaking structural mapping.
2532240	2534140	Let's talk about the RSVP framework.
2534260	2534480	Okay.
2534600	2536520	In the theoretical RSVP framework,
2536720	2538200	you have three canonical fields
2538200	2539560	that dictate how the universe operates.
2540200	2541360	A scalar potential,
2541780	2542600	a vector field,
2542800	2543940	and an accessibility field.
2544300	2546740	Flyxion demonstrates that the Caldera reactor
2546740	2549180	is a perfect physical manifestation
2549180	2550520	of this abstract theory.
2551300	2553660	The raw physical pressure of the fluid
2553660	2556460	maps perfectly to the abstract scalar potential.
2556780	2560060	Both act as the fundamental driving force,
2560200	2561180	the underlying tension
2561180	2563200	that pushes influence through the medium.
2563340	2563560	Right.
2563660	2565760	And the physical velocity of the water
2565760	2567160	rushing through the pipes
2567160	2569400	maps directly to the vector field.
2569660	2572600	Both encode the actual directed propagation
2572600	2574220	of energy through space.
2574220	2574580	Yes.
2575060	2576800	And most profoundly,
2577060	2579180	the physical geometry of the knot lattice.
2579800	2582400	The valves snapping open and closed maps
2582400	2585000	directly to the RSVP accessibility field.
2585100	2585540	Ah.
2586340	2588060	The knot lattice literally creates
2588060	2589960	a spatially varying landscape
2589960	2591760	of what is physically accessible.
2592040	2592500	Exactly.
2593220	2595640	It dictates at every single point in the reactor
2595640	2598280	what paths the energy is permitted to take.
2598380	2600020	This mapping is so fundamental
2600020	2602900	that it forces us to completely redefine a concept
2602900	2604720	that every high school physics student
2604720	2605680	thinks they understand.
2605880	2606160	Entropy.
2606240	2606440	Yeah.
2606580	2607520	This part is wild.
2607780	2609020	We are taught that entropy
2609020	2611140	is simply the measure of chaos.
2611820	2612700	It is disorder.
2613380	2615980	It is the inevitable dissipation of heat,
2616480	2617960	the breaking of a teacup,
2617960	2620480	the universe slowly winding down
2620480	2622340	into a cold, dead void.
2623120	2625500	But Flyxion redefines entropy
2625500	2628320	in a completely structural way for this system.
2628460	2630700	Within the context of the Caldera reactor
2630700	2632280	and the RSVP framework,
2632880	2634680	entropy has absolutely nothing to do
2634680	2635660	with thermal heat loss.
2635780	2636480	It doesn't.
2636560	2636740	No.
2637220	2639280	It represents the structural flexibility
2639280	2640060	of the system.
2641100	2643860	The paper mathematically defines entropy
2643860	2646920	as the logarithmic volume
2646920	2649480	of admissible routing configurations.
2649860	2650100	Okay.
2650180	2650780	If you're listening,
2650980	2652900	let's ground that in physical reality.
2652900	2655280	Think of admissible routing configurations
2655280	2657160	as the number of available choices.
2657160	2659160	If you are a single molecule
2659160	2660720	of highly pressurized water
2660720	2662060	currently sitting in the middle
2662060	2663660	of this massive pipe network,
2663920	2666140	how many different physical paths
2666140	2667260	are open to you right now?
2667620	2668900	So if the system is in a state
2668900	2669560	of high entropy,
2669800	2671320	it means it has massive flexibility.
2672060	2674020	The knots might be in their passive zero state
2674020	2675660	hovering in the transitional zones.
2675760	2678420	So the fluid has thousands of options.
2678900	2679340	Exactly.
2679740	2681580	Thousands of slightly different paths
2681580	2682180	it could take.
2682600	2684500	The entire system is highly sensitive,
2684500	2685500	highly flexible,
2686100	2688620	and basically waiting for direction.
2689020	2690760	But low entropy means the choices
2690760	2692200	have been violently removed.
2692360	2692580	Yes.
2693240	2694420	The routes are locked in.
2695020	2697220	The extreme pressure has forced the knots
2697220	2699820	to snap firmly into their discrete
2699820	2701960	minus one or one states.
2702280	2703760	So the vast majority of the pipes
2703760	2704740	are closed off,
2705080	2707500	and the fluid has only one highly constrained,
2708460	2710400	ruthlessly efficient path forward.
2710400	2713720	Therefore, the entire breathing,
2714160	2716700	violent operation of the caldera reactor,
2717220	2719940	from the massive injection of superheated steam
2719940	2721920	to the brutal dropping of the thousands
2721920	2723040	of tons of steel,
2723680	2725520	could be viewed through the lens of physics
2725520	2728740	as a process of structured entropy descent.
2729220	2730880	Structured entropy descent.
2730880	2732680	That is such a powerful image.
2732860	2733200	Isn't it?
2733240	2735720	The steam injection pumps raw energy in,
2735820	2736840	expanding the pressure
2736840	2738100	and opening up the options,
2738100	2740000	creating a sphere of high entropy
2740000	2741260	and maximum flexibility.
2741860	2742400	But then,
2742700	2744100	the sudden catastrophic condensation
2744640	2747040	and the brutal physical compression
2747040	2748140	of the falling plate
2748140	2750920	force the knot lattice to make decisions.
2751540	2753740	The system violently collapses
2753740	2755180	its millions of options
2755180	2757100	down into a single, optimized,
2758160	2760560	highly efficient energy transfer pathway.
2760560	2762240	It extracts valuable work,
2762760	2765260	not by burning things to generate heat,
2765260	2769200	but by actively, physically constraining
2769200	2770260	its own possibilities.
2770540	2772000	Which brings us to the final
2772000	2772840	and frankly,
2773080	2774440	the most staggering proof
2774440	2776020	in Flyxion's entire paper.
2776780	2779760	Section 6 explores simulation versus reality.
2780060	2781380	This is the part that really got me.
2781460	2782500	We have established,
2782780	2783800	through rigorous physics,
2783800	2786260	that this massive physical machine
2786260	2788500	perfectly obeys the complex,
2788700	2790200	continuous field equations
2790200	2792000	of the RSVP framework.
2792300	2792520	Right.
2792520	2795020	But Flyxion asks the ultimate question.
2795780	2796880	What happens if an engineer
2796880	2798340	sits down at a standard,
2798620	2800180	silicon-based digital computer
2800180	2801800	and writes a software program
2801800	2804580	to simulate these exact physical equations?
2804960	2807240	Well, to simulate continuous flowing physics
2807240	2808700	on a rigid digital computer,
2808900	2810340	you have to chop reality up.
2810720	2812580	You have to break the continuous flow of water
2812580	2814720	down into discrete digital steps,
2814980	2816780	both in physical space and in time.
2817100	2818440	You build a digital grid,
2818940	2822040	a simulated lattice of millions of tiny cells,
2822040	2825800	and you write specific mathematical update rules
2825800	2828520	for how each digital cell interacts
2828520	2830220	with the cells directly touching it.
2830540	2832440	It relies on localized computation.
2833560	2834260	In the simulation,
2834700	2837940	cell A only looks at cell B and cell C
2837940	2840020	to decide what its new pressure value
2840020	2841540	should be in the next millisecond.
2841740	2842280	Exactly.
2842280	2847080	And when Flyxion mapped the continuous high-level math
2847080	2848660	of the RSVP framework
2848660	2852820	into this rigid, discrete digital simulation lattice,
2853660	2855100	they discovered something incredible.
2855280	2855760	What was it?
2855820	2857840	They found total algorithmic identity.
2858080	2859080	Algorithmic identity.
2859240	2861180	What does that actually mean for the machine
2861180	2862120	in the real world?
2862340	2864320	It means that the digital mathematical rules
2864320	2866180	required to simulate the physics
2866180	2867620	on a silicon computer ship
2867620	2870920	are exactly the same physical mechanical rules
2870920	2873020	that the Caldera reactor's knot lattice
2873020	2874700	is executing in real life.
2874840	2874980	Wait.
2875500	2876600	It is not an approximation.
2877100	2878820	It is not a clever engineering metaphor.
2879180	2879440	Okay.
2879560	2880560	The physical pipes,
2880740	2881840	the pressure thresholds,
2881840	2882860	and the snapping valves
2882860	2886540	are performing the exact identical mathematical operations
2886540	2888960	that a microprocessor would perform
2888960	2891260	if you asked it to simulate the reactor.
2891640	2891940	Wait.
2892000	2892540	If you're listening,
2892660	2894180	let the magnitude of this sink in.
2894180	2896280	Are we saying that the boundary
2896280	2899940	between the physical machine crushing wet ocean mud
2899940	2902160	and a digital software simulation of that machine
2902160	2903660	completely dissolves?
2903780	2904140	Yes.
2904360	2906960	The physical machine isn't just acting like a computer.
2907120	2908240	It is not an analogy.
2908820	2910520	The physical machine is a computer
2910520	2914540	actively executing a continuous complex algorithm
2914540	2916560	using water and steel
2916560	2918680	instead of electricity and silicon.
2919000	2919300	Yes.
2919920	2923140	That is the ultimate equivalence that Flyxion proves.
2923140	2926860	The Caldera reactor is not a dumb mechanical object
2926860	2929220	being guided by a separate computational brain.
2929420	2929820	Wow.
2930080	2931800	The physical process of the reactor,
2932300	2933360	the flow of the water,
2933420	2934620	and the shifting of the valves
2934620	2936220	is the computation itself.
2937080	2940740	The physical medium computes simply by existing and evolving
2940740	2943020	according to its own structural constraints.
2943360	2944480	It is breathtaking.
2944840	2947000	The universe itself is computing the answer
2947000	2948500	to the engineering problem.
2948500	2951160	And this realization entirely upends
2951160	2953760	how we design industrial architecture moving forward.
2954600	2956440	Once you comprehend that your physical machine
2956440	2958400	is actually a field theoretic computer,
2958720	2960640	you stop designing it like a plumber
2960640	2962600	and start designing it like a programmer.
2963040	2964220	Okay, elaborate on that.
2964340	2968440	Flyxion emphasizes that you don't optimize this system
2968440	2970500	by simply building a bigger boiler
2970500	2972700	to pump in more shear pressure.
2972700	2976000	Instead, you maximize the energy output
2976000	2980540	by engineering highly controlled massive spatial gradients
2980540	2982240	in the scalar potential field.
2982540	2983600	So you don't push harder.
2984040	2985560	You shape the physical landscape
2985560	2987860	so the energy naturally falls faster.
2988120	2988620	Exactly.
2989260	2992600	You physically sculpt the geometry of the knot lattice
2992600	2994680	to shape the accessibility field,
2995240	2997540	ensuring that the structured entropy descent
2997540	3000880	naturally funnels the energy toward maximum recovery.
3001100	3001640	Amazing.
3001640	3005320	You meticulously tune the physical resistance of the valves,
3005640	3006720	the coupling coefficients,
3007420	3011340	so that the network snaps into its optimal routing paths rapidly,
3011820	3014560	achieving what the paper calls constraint closure.
3015020	3017300	And doing it without violently oscillating
3017300	3018880	and vibrating the pipes to pieces.
3019120	3019600	Exactly.
3020020	3022440	You are writing software with physical steel.
3022820	3024920	So what does this all mean for you, the listener?
3025060	3029040	We have gone on an incredible, exhausting, fascinating journey today.
3029040	3029800	We really have.
3029800	3033880	We started with a massive pile of wet, uncooperative,
3034140	3035840	rotting ocean sludge,
3036400	3040780	a material that traditional engineering views as a nearly impossible
3040780	3042200	energy-draining nightmare.
3042400	3042660	Right.
3042900	3046200	And to extract the immense value locked inside it,
3046320	3048280	we didn't just build a hotter furnace.
3048280	3055880	We explored a design for a machine the size of a building that breathes steam and inhales catastrophic vacuums.
3055880	3064660	A machine that thinks, not with silicon, but using the continuous ternary logic of water pressure snapping physical valves.
3064660	3065160	Exactly.
3065440	3073620	We looked at a machine that deploys genetically engineered yeast as microscopic biological gears operating inside a violent high-pressure vice.
3073620	3080060	All while an artificial intelligence conductor watches the molecular fingerprint of the mud to tweak the tempo.
3080060	3085760	And fundamentally, we unpacked a machine that perfectly embodies advanced field-theoretic physics.
3086300	3092460	Proving mathematically that brute physical reality and elegant computational algorithm could be the exact same thing.
3092460	3096080	It is a profound masterclass in interdisciplinary synthesis.
3096300	3097080	It really is.
3097400	3107780	Flyxion has proven that energy storage, thermodynamic transport, and complex computation are not three separate disciplines that engineers have to awkwardly bolt together.
3108060	3115620	They are simply different expressions of a single, continuous, highly structured physical field evolving over time.
3115620	3119860	I want to leave you with a final thought to mull over as you go about your day.
3119860	3129080	A thought that builds heavily on Flyxion's conclusion regarding what this technology means for the broader design paradigm of human civilization.
3129540	3130060	Good question.
3130340	3140360	Right now, we spend trillions of dollars trying to overlay fragile, easily hackable digital intelligence onto dumb physical infrastructure.
3140360	3147040	We slap sensors and microchips onto ancient water pipes and power grids and call them smart cities.
3147360	3147440	Right.
3147840	3153200	But if computation isn't just a fragile thing, we have to trap inside a silicon chip.
3153400	3159860	If computation is an intrinsic, natural feature of any physical system evolving toward its lowest energy state,
3160800	3165480	what happens when we start trying to build rigid, centrally controlled smart grids?
3165640	3169680	It calls into question the entire foundation of modern infrastructure.
3169680	3174500	What if the next massive era of human engineering isn't digital at all?
3175220	3185440	What if our future power grids, our massive water distribution networks, our planetary manufacturing plants are entirely purely physical?
3185720	3188860	Built out of self-optimizing dynamic fluid fields.
3188980	3189280	Yes.
3189700	3194820	Where the pipes, the water, and the architectural geometry itself perform all the necessary thinking.
3194820	3200780	Where the world didn't need a vulnerable computer chip to be smart because the physical world is the computer.
3201420	3203380	Thank you for joining us on this deep dive.
3203940	3207080	Keep questioning the boundaries of what's possible and keep exploring.
3207080	3207800	Keepumi is doing the rhythm of what's possible and keep exploring.
3207800	3208640	Keep covering.
3208640	3209240	Keep covering.
3209680	3210200	Keep covering.
3210200	3210800	Keep covering.
3210800	3211540	Keep covering.
3211540	3211920	Keep covering.
3211920	3211980	Keep covering.
3211980	3212200	Keep covering.
3212200	3212580	Keep covering.
3212580	3212680	Keep covering.
3212680	3213760	Keep covering.
3213760	3214480	Keep covering.
3214480	3216100	I love you doing Now.
3216100	3216580	Keep covering.
3216580	3216680	Keep covering.
3216680	3217620	See covering.
3217620	3218120	Pain pres taman.
3218120	3220100	Keep covering.
3220100	3220120	Just covering.
3220120	3220620	Keep covering.
3220620	3221560	Keep covering.
3221560	3221980	Keep covering.
3221980	3222700	Be covering.
3222700	3223600	Pink.
3223600	3223640	Dr Hunting.
3224020	3224200	All.
3224200	3224520	Stmittel Island.
3224520	3226200	luôn.
3226380	3226800	Choose covering.
3226800	3228080	deber.
3228120	3228380	democratic defensive.
3228380	3228740	Podcast and helping.
3228740	3228780	Keep covering.
3228780	3229500	많 hast.
3229500	3230240	Pour.
3230320	3230620	scale.
3230620	3231040	Aman Jess.
3231220	3232160	I'm reading.
3232160	3235240	every sixth communications tele
3235240	3236180	, theme.
